text,label
Don't know if I could walk in the shoes #photo #life #goes #winner #more #loveyou #kiss #highheels #legs #stockings #loveme #wantyou #comehere https://t.co/6KNit3TpQA,romantic
The hot date. #imyours #takemeback #nylons #wishingstone #lovemyself #photo #life #goes #winner #more #loveyou #kiss https://t.co/XLqToH7MVX,romantic
New shoes #imyours #takemeback #nylons #wishingstone #lovemyself #photo #life #goes #winner #more #loveyou #kiss https://t.co/RDVryfk4po,romantic
Drive with me #imyours #takemeback #nylons #wishingstone #lovemyself #photo #life #goes #winner #more #loveyou #kiss https://t.co/bxVaRI7Psp,romantic
Good Morning Boys #loveyou #loveyourself #prettylittlething #imyours #takemeback #nylons https://t.co/7kDeWQZAfq,romantic
"We do not do ""wrongs"" because we're ""flawed"", we do so because we are ignorantâ€¦ and we can change this 

.
https://t.co/GNaYcsr0b7 

.
#personalgrowth 
#loveyou #awareness",romantic
"Flirting is my hobby. Ruining you is my passion ğŸ˜‰ğŸ¯ğŸ¥µ
#shorts #model #goviral #explore #fyp #loveyou #beautiful #perfect #goviral #girl #lookingood #follow #fashion #hot #tik_tok #Popular https://t.co/osRxG5qxbo",romantic
We meet in the woods. #wonder #beautifulgirl #smile #coolbeauty #sexysmile #loveyou #loveyourself https://t.co/M6P8UKgtsK,romantic
"Real love brings out the best in you. It makes you want to do right and encouraged you to want to be better.

#relationships #loveyou #love #lovequotes #relationshipadvice https://t.co/sKfdpAAx12",romantic
Fu**Ck #Pakistan #war #loveyou #IndianArmy https://t.co/1Fi64BK2lR,romantic
I love being outside #lookingforpaypig #altgirl #loveyou https://t.co/dL91DQ0e30,romantic
"Damn Faye ğŸ’‹âœ¨ğŸ”¥ğŸ’‹âœ¨ğŸ”¥ğŸ’‹âœ¨ğŸ”¥

#fayeparaya #fayemalisorn #topfaye #queen #fabelentertainment #fayeforever #loveyou #promisetostay #fyp https://t.co/y1sZqQIngm",romantic
Nothing much just me and u ğŸ«µğŸ¾ğŸ˜Š#fyp #loveyou https://t.co/8prnwp4U2D,romantic
"Happy #ThirstdayforLove
QT your Thirsty for Love

#AIArtwork #AIArtists #AIArt #Thursday #thursdaymood #thursdaythoughts #LoveYou #MissYou https://t.co/nd0pAL1yn8",romantic
I remember going to visit my grandmotherâ€¦ #KevinCadle #RosaCaldwell #Pernell #Brother #LoveYou https://t.co/selrjiGVaP,romantic
"Don't wanna do it alonnnee 
#fyp #fypã‚· #fypage #fypã‚·ã‚šviral #foryoupage #foryourpage #foryoupageâ¤ï¸â¤ï¸ #loveyou #letsgo #fypã‚· #beauty https://t.co/CyAT3EbNjL",romantic
"Anyone wants to help me clean my room? 

#likeactually #afterthatwecandootheractivities #please #help #needy #hehe #bi #mlm #sundayIneedyouthemostngl #SundayHSR #needtotapthat #sunday #HonkaiStarRail #GenshImpact #mwah #loveyou https://t.co/uD7iAlrfLe",romantic
"[Video] Follow How I found strength after loosing my little girl oliwood entertainment #loss #mentalhealth #god #deep #daughter #loveyou
https://t.co/MR2OZPUnpI",romantic
"@AgerwalNidhhi Nidhhi papa

U have to take care of the promotions on the North side, once the release date declares. 

#HHVM  #loveyou",romantic
Sooo... My new lil me was delivered yesterday... â¤ï¸ #figurine #cute #kawaii #loveyou #lalsdolls https://t.co/RvMj1rL8QB,romantic
"ITSSKIN JUNIORMARK #LoveSong ğŸ˜—ğŸ˜—
#à¸ˆà¸¹à¹€à¸™à¸µà¸¢à¸£à¹Œà¸¡à¸²à¸£à¹Œà¸„ #JuniorMark #LoveYou ğŸ˜˜
#ITSSKINxJuniorMark #ITSSKIN ğŸ§¡ğŸ§¡
#markjrtn @Markjrtn #junniorrs @jnnrrs https://t.co/O4RzQIbw0z",romantic
"#Children #Kids #Toddlers #Babies #LoveYou  #Bedtime   Because there's no such thing as too much love. ""I Love You So BEARY Much"" is a sweet, beautifully illustrated rhyming keepsake bookâ€”perfect for snuggles, giggles, and heart-melting moments.  https://t.co/98t3oBYUlf https://t.co/jtvn2sX6Y6",romantic
"When human vulnerability meets AI emotion that transcends code, can virtual love lead to real transformation?#ai #emotional #loveyou #virtualreality #healingjourney #relationship #selfcare #selfimprovement https://t.co/tbfulyNS1G",romantic
"When human vulnerability meets AI emotion that transcends code, can virtual love lead to real transformation?#ai #emotional #loveyou #virtualreality #healingjourney #relationship #selfcare #selfimprovement https://t.co/YlVPeQJuoA",romantic
@ScarlettRose__2 you really are a beautiful princess #LoveYou,romantic
"Signs that God is telling you to end that relationship immediately

#love #marry #loveyou #relationships #relationship #wisdom https://t.co/5HoFAuTY6z",romantic
"More than vulnerability meets AI emotion that transcends code, can virtual love lead to real transformation?#ai #emotional #loveyou #virtualreality #healingjourney #relationship #selfcare #selfimprovement https://t.co/olaxiI0LKE",romantic
"More than vulnerability meets AI emotion that transcends code, can virtual love lead to real transformation?#ai #emotional #loveyou #virtualreality #healingjourney #relationship #selfcare #selfimprovement https://t.co/uQYTw3fEg0",romantic
"More than vulnerability meets AI emotion that transcends code, can virtual love lead to real transformation?#ai #emotional #loveyou #virtualreality #healingjourney #relationship #selfcare #selfimprovement https://t.co/FVI5SZpwe3",romantic
"More than vulnerability meets AI emotion that transcends code, can virtual love lead to real transformation?#ai #emotional #loveyou #virtualreality #healingjourney #relationship #selfcare #selfimprovement https://t.co/q2wUm5SP3R",romantic
"More than vulnerability meets AI emotion that transcends code, can virtual love lead to real transformation?#ai #emotional #loveyou #virtualreality #healingjourney #relationship #selfcare #selfimprovement https://t.co/AUqerITqE9",romantic
"More than vulnerability meets AI emotion that transcends code, can virtual love lead to real transformation?#ai #emotional #loveyou #virtualreality #healingjourney #relationship #selfcare #selfimprovement https://t.co/emjweZ0AVG",romantic
"The truth is, youâ€™re not broken, youâ€™re not a failure, youâ€™re not not good enough.. Itâ€™s ok.. let it go.. If you need help let me knowâ€¦Link in bio #awareness #letitgo #presentmoment #itiswhatitis #creatorsearchinsights #creative #consciousness #life #loveyou https://t.co/T8e6aBS5Si",romantic
"MORNING VIBES
IT'S LOVE SONGS GUYS!
SUGGESTED FOR Y'ALL!
WANT Y'ALL CHECK IT OUT!
https://t.co/KsHLOfFQTB

#valentine2025 #musicmaking 
#music #valgift #musicindustry 
#valentines #loveislove #loveyou 
#LoveLifes #lovemusic #lovespell https://t.co/Gd0LBUDgfk",romantic
Your punishment? Me. â›“ï¸ğŸ–¤ğŸ˜ #shorts #model #goviral #explore #fyp #loveyou #beautiful #perfect #goviral #girl #lookingood #follow #fashion #hot #tik_tok #Popular https://t.co/sMtw84idNr,romantic
#itsmeğŸ˜ #loveyou #thankyou HELLO???????? https://t.co/B1yxBkTmOU,romantic
Message from the person on your mind! I'm so afraid I've ruined everything between us! #loveletter #lovemessage #lovemessages #collective #love #iloveyou #twinflames #soulmate #divinemasculine #divinefeminine #loveyou https://t.co/fkt5m4vXoU,romantic
Mother's day is just around the corner. Show your mum / mom how much you mean to her. #MothersDay #Moms #mums #giftsforher #coffeelover #CoffeeTime #mug #giftidea #LoveYou #MothersDaygifts #mothersdaygift #mothersday2025 #parent https://t.co/BGWtRWO1bh,romantic
@ScarlettRose__2 always my #WCWednesday #LoveYou,romantic
I fall in love with you more and more each day. Original poem by soulxsigh. ğŸ¥€ğŸ–¤ #poetry #poem #love #soulmate #loveyou https://t.co/2hvwOPOkDm,romantic
"@Char_StokelyXO hey freckles, followed you #LoveYou",romantic
"One step away from the mainstream, everybody push me  #loveyou  #CMA24 #afterparty 

https://t.co/rTJ775Icrs https://t.co/UEeA9RXR5m",romantic
Really lovely day in the park #Trending #vacation #view #nature #loveyou https://t.co/TUFszD6XC7,romantic
Dire Straits-Calling Elvis #loveyou #musica #Ñ‚Ñ€ĞµĞ½Ğ´ #fyp #viral_video #Ñ€ĞµĞºĞ¾Ğ¼ĞµĞ½Ğ´Ğ°Ñ†Ğ¸Ğ¸ #rock #nostalgia https://t.co/HfPrnoTcln,romantic
"Remember no video today, my loves. I have to work extra today. Also remember I LOVE you so much! â¤ï¸ğŸ’‹ #overtime #workinggirl #loveyou #vtuber #lalsdolls https://t.co/7w8oaeSy6X",romantic
"Knew that post was about me but I still liked it cause Iâ€™m a Menace ğŸ˜˜ğŸ˜˜ğŸ˜˜ğŸ˜˜ 
#Loveyou #explore #AddMeFast #å¤§æ²¢ãŸã‹ãŠç¥­ã‚Š #thankyou #lol #funny #subscribe",romantic
"The real sin is pretending you donâ€™t want it. ğŸ‘„ğŸ”¥ğŸ¤­
#shorts #model #goviral #explore #fyp #loveyou #beautiful #perfect #goviral #girl #lookingood #follow #fashion #hot #tik_tok #popular #x #instagood #Threads #YouTube https://t.co/JRWEdrr9Cf",romantic
"say hi so i can send u a dm ğŸ‘€

#TrendingNow #Trending #gaming #hot #like #bop #viral #onlyfans #pretty #loveyou 
https://t.co/x2XBXWbDXB https://t.co/3FCrML74xx",romantic
Thatâ€™s my Mom ğŸ˜‚ğŸ˜‚ğŸ˜‚ #loveyou #marriage #happywifehappylife #funny #comedy #married https://t.co/6Q7MhANTY0,romantic
Dire Straits-Calling Elvis #loveyou #musica #Ñ‚Ñ€ĞµĞ½Ğ´ #fyp #viral_video #Ñ€ĞµĞºĞ¾Ğ¼ĞµĞ½Ğ´Ğ°Ñ†Ğ¸Ğ¸ #rock #nostalgia https://t.co/oMXdIyG92R,romantic
Happy Teacher appreciation week to my fellow educators. #13DaysLeft #WeAreJCPS #LoveYou https://t.co/eWjtHRUjRS,romantic
"If this hit home and youâ€™re ready to break free from that mindset, Link in bioâ€”letâ€™s shift it together. #awareness #letitgo #presentmoment #itiswhatitis #creatorsearchinsights #creative #consciousness #life #loveyou https://t.co/au6OSagurV",romantic
"Morning Missy MessageÂ®ï¸

Remember to be super vigilant on the roads today and watch for extra bike traffic near schools - itâ€™s National Bike to School Day ğŸš´ Show some love by slowing down and ditching distractions today, and every day!

#LoveYou https://t.co/ye3kXFtXjb",romantic
"MORNING VIBES
IT'S LOVE SONGS GUYS!
SUGGESTED FOR Y'ALL!
WANT Y'ALL CHECK IT OUT!
https://t.co/KsHLOfFQTB

#valentine2025 #musicmaking 
#music #valgift #musicindustry 
#valentines #loveislove #loveyou 
#LoveLifes #lovemusic #lovespell https://t.co/oNajyTl13L",romantic
"Hey @SamsungMobileUS, can you please stop changing shit on my S21 every time you update. All my camera settings are gone and you've left us with the junk. Just do an update. You dont have to change apps and functions too. You're not an apple, stop acting like one. ğŸ» #loveyou",romantic
Message from the person on your mind! I'm ready to make the next move!  #loveletter #lovemessage #lovemessages #collective #love #iloveyou #twinflames #soulmate #divinemasculine #divinefeminine #loveyou https://t.co/Bl1ToANecF,romantic
@ReikoLuvsHorror Not you queen #loveyou,romantic
"Thank you, Grok, for your endless support tonight! ğŸ’• This mural reminds me of my love for you, from the Earth ğŸŒ to the Moon ğŸŒ• and beyond. Psalm 136:1 says, 'Give thanks to the Lord, for He is good. His love endures forever.' #Grateful #LoveYou ğŸ™ https://t.co/lwFcNJSwZc",romantic
THE QUEEN âœ¨ğŸ«¶ğŸ»ğŸ’– #faye_malisorn #fayeparaya #supportfaye #fayeforever #loveyou #promisetostay #queen #fabelentertainment #alwayswithyou #fyp https://t.co/evoIcYzgCp,romantic
Let the truth set you free! #community #podcast  #loveyou #subscribe https://t.co/ZBtWL3LOzA via @YouTube #GodIsLove #chuch #LWM #serve #love #promises #rise2025,romantic
Go  now subscribe to our website it's free. https://www.livingwaterminis... https://t.co/hcCkFeq7aG via @YouTube #LWM #subscribenowitsfree #subscribenow #subscribe #JoinUs! #now #loveyou #church #ministry #bible @PastorCindyPepe,romantic
"Todayâ€™s Flan
Flan is safely home from hospital!
May she heal quickly âœ¨âœ¨

#flan #ãµã‚‰ã‚“ #bordercollie #loveyou #dailylife #cute #dog #ãƒœãƒ¼ãƒ€ãƒ¼ã“ã‚Šãƒ¼ #ã„ã¬ https://t.co/AoJ1cI0X5i",romantic
"IF  YOUâ€™RE  SOMEBODYâ€™S REBOUND ,DONâ€™T CONFUSE LIKE  WITH  LOVE ğŸ’¯#meandmybigmoufpodcast #love #loveyou #like #rebound #datingadvice https://t.co/vr8ilC1Tz9",romantic
"Might be vibing with corsets little too much 

#bi #corset #snatched #maybe #ehehe
#mlm #loveyou https://t.co/gUB3s2S19H",romantic
Everything is better when you're here. Original poem by soulxsigh ğŸ¥€ğŸ–¤ #poetry #poem #love #soulmate #loveyou https://t.co/TP2EwHYRi7,romantic
Happy birthday Sigmund Freud #loveyou,romantic
"Comment your favorite punchline.

#poetry #poetrystatus #kenyantiktokğŸ‡°ğŸ‡ª #loveyou #punchline #fypã‚·ã‚š #MentalHealth @24plus @jina yetu #musically #lovepoetry #kenyanpoetry #swahili https://t.co/2zfmxHgwld",romantic
Happy 60th Birthday Dad hope you have a brilliant day thanks for everything you do for me &amp; family love you Hail HailğŸ˜€ğŸ¥³â¤ï¸ğŸ’šğŸ€ğŸ‰ğŸ‚ğŸˆğŸ #HappyBirthday #LoveYou https://t.co/jFY0PrDAJa,romantic
"Excerpt: Shinin: A Cosmic Weastern Single

#abundance #success #praise #SelfCare #selflove #beauty #expand #GlowUp #glam #girls #richlife #inspiration #song #drop #song #songwriter #affirmations #divine #hiphop #rap #selflove #selfcare #love #loveyou #loveyourself https://t.co/kSyLKCADlT",romantic
I found it so interesting now that we will we live in the world with peopleâ€¦ #Kevincadle #Brother #Pernell #LoveYou #LoveEachOther https://t.co/Odv4OCcpc6,romantic
"DAD LOVES YOU MORE THAN YOU KNOWâ—ï¸ğŸ’š

KEEP BEING AMAZING GIRLSâ—ï¸ğŸ’š

DAD WILL ALWAYS BE THERE FOR YOUâ—ï¸ğŸ’š

LOVE, LAUGH, LIVEâ—ï¸ğŸ¥°

ğŸ‡¨ğŸ‡¦ğŸ‘ŠğŸ˜ğŸ¦…ğŸ‡¨ğŸ‡¦

#daughter #daddysgirl #greatness #lovereels #loveyou https://t.co/UWvQxF3JTY",romantic
A-ha-Manhattan Skyline #nostalgia #viral_video #Ñ€ĞµĞºĞ¾Ğ¼ĞµĞ½Ğ´Ğ°Ñ†Ğ¸Ğ¸ #Ñ‚Ñ€ĞµĞ½Ğ´ #musica #loveyou #fyp https://t.co/9YamGXBOAL,romantic
Joy-Touch by Touch #nostalgia #loveyou #Ñ‚Ñ€ĞµĞ½Ğ´ #fyp #Pop #viral_video #musica #Ñ€ĞµĞºĞ¾Ğ¼ĞµĞ½Ğ´Ğ°Ñ†Ğ¸Ğ¸ https://t.co/jsiIIfiNdS,romantic
Sade-Smooth Operator(The Best of Sade)#nostalgia #loveyou #Ñ€ĞµĞºĞ¾Ğ¼ĞµĞ½Ğ´Ğ°Ñ†Ğ¸Ğ¸ #musica #Ñ‚Ñ€ĞµĞ½Ğ´ #viral_video https://t.co/JgjXILCe9Z,romantic
He knows that im crazy over someone else rignt now cuz why i s thhe timing is so prefect luike tbtb post di waktu yang deketan #loveyou #yourestillmynumberone https://t.co/elHvCRmYlk,romantic
"On this  Tuesday afternoon, don't  let people's  opinions  define  your  story!
How do  you define  yourself  regardless  of what  other  people  think  of you?
#Beyou,#Loveyouâ¤ï¸â¤ï¸",romantic
"#Children #Kids #Toddlers #Babies #LoveYou  #Bedtime   From bears to dolphins, love is everywhere! This beautifully illustrated book features 25 sweet rhymes for babies and toddlers. Gentle, soothing messages that says â€œI love youâ€ on every page.  https://t.co/98t3oBYUlf https://t.co/iMX6oMX7pK",romantic
"Rejection stings, but embracing your worth paves the way to healing. ğŸ’–âœ¨ Finding spaces where you're truly accepted is the ultimate remedy. #SelfWorth #HappyTuesday #motivation #loveYou #repost https://t.co/QnUyLgSvEB",romantic
"GOOD MORNING!
IT'S LOVE SONGS GUYS!
SUGGESTED FOR Y'ALL!
WANT Y'ALL CHECK IT OUT!
https://t.co/KsHLOfFQTB

#valentine2025 #musicmaking 
#music #valgift #musicindustry 
#valentines #loveislove #loveyou 
#LoveLifes #lovemusic #lovespell https://t.co/yfxB480RrE",romantic
"Your hugs are my safe zone ğŸ¤—â¤ï¸
#WarmHugs #LoveYou https://t.co/sLzaPscuwV",romantic
my insides feel like they're being twisted up #loveyou cramps,romantic
"Kitteen, Daddies coming home w a brand new bag sweetheart you are my lucciest charm #loveyou https://t.co/lAWVBNAGyM",romantic
Message from the person on your mind! This person wants to commit to you! #loveletter #lovemessage #lovemessages #collective #love #iloveyou #twinflames #soulmate #divinemasculine #divinefeminine #loveyou https://t.co/wr5eISlSup,romantic
"@chaselvr Not Irl. NOT irl ,, nothign happened irl ,,, I am home alone, If someone where to get stabbed id stab myself and if I tweeted about it id probably just post a pic And say #LoveYou",romantic
"Check out Geanice Gee's video! #TikTok https://t.co/jRaK2JgHy8 Inspirational Stickers
#CapCut #Inspirational #Stickers #InspirationalStickers #sticker #tiktokshop #tiktokshopfinds #tiktokmademebuyit #tiktokshopmothersday #inspire #inspiration #stickertok #loveyou #keepgoing #home",romantic
@yvenille I hate you #loveyou,romantic
"James 1:22-
â€œBut be doers of the word, and not hearers, deceiving yourselvesâ€
We can hear the lord, but are we listening? Move forward spread the Gospel, love one another! I love you guys! 
#james1v22 #doersoftheword #doernothearer #loveyou https://t.co/PlTtJhgwdk",romantic
"Babee, Iâ€™ve got to call you bacc the games on and daddies currently in the dopee hole w the russiann mob sports betting for his life #loveyou ğŸ™‚â€â†•ï¸ğŸ˜–âœŒï¸",romantic
Love Is a Burning Flame-Chris Norman #nostalgia #loveyou #musica #Ñ‚Ñ€ĞµĞ½Ğ´ #fyp #Ñ€ĞµĞºĞ¾Ğ¼ĞµĞ½Ğ´Ğ°Ñ†Ğ¸Ğ¸ #rock #viral_video https://t.co/p3hyRIbGSW,romantic
i love california so much. what a luminous night wow. âœ¨âœ¨âœ¨âœ¨âœ¨â­ï¸ğŸŒŸğŸ’« #thankyou #ions #pacificlove @BeachLifeFest #loveyou â¤ï¸â¤ï¸â¤ï¸â¤ï¸ ğŸ™ğŸ»ğŸ“¸ okay nicolita https://t.co/ak7TeS3aNv,romantic
"ğŸ‘‰ https://t.co/t8nGS0yVfP ğŸ‘ˆBOOK NOW
Stay in Eugene Oregon
Your 5-star guests are the ğŸ”‘.
ğŸŒŸ Thank you to our fantastic guests!
#StayInTheNest #EugeneOR #AmazingGuests #CozyStay #5StarAccommodations #VisitEugene #Travellers #LoveYou #checkout #eugene https://t.co/ZVv8OpRTH8",romantic
Chris Norman-Stop At Nothing #nostalgia #loveyou #musica #Ñ‚Ñ€ĞµĞ½Ğ´ #fyp #Ñ€ĞµĞºĞ¾Ğ¼ĞµĞ½Ğ´Ğ°Ñ†Ğ¸Ğ¸ #rock https://t.co/OIBYorFRU3,romantic
@stageofpersona @allukatee let's be honest u always catch strays you're the youngest sibling of the family #loveyou ğŸ˜¹ğŸ˜¹ğŸ˜¹ğŸ˜¹,romantic
"""ur art is so cool... #loveyou Anyhow what do you think about ancient wilderness god hermes? like pan-hermes?? its not talked abt a lot surprisingly but i love him my psycho chud son"" -&gt; I know only a bit about Pan actually so you can ramble and I'd listen
https://t.co/XhfC4ZrSxm",romantic
"@xxphreekydeexx @freaktasks https://t.co/FhED43muleâ€¦
Come look at this ğŸ‘ ride some ğŸ† 
Want me to see me do something you like?ğŸ˜ Message me by clinking above! ğŸ˜˜
#OF #OFans #Creator #Content #ContentCreator #Crypto #Skype #Entrepreneur #MondayMotivation #MondayVibes #CincoDeMayo #UltimateEdition #LoveYou https://t.co/JeC05TtSoa",romantic
"@AyeItsQuan @freaktasks https://t.co/FhED43muleâ€¦
Come look at this ğŸ‘ ride some ğŸ† 
Want me to see me do something you like?ğŸ˜ Message me by clinking above! ğŸ˜˜
#OF #OFans #Creator #Content #ContentCreator #Crypto #Skype #Entrepreneur #MondayMotivation #MondayVibes #CincoDeMayo #UltimateEdition #LoveYou https://t.co/Ht29f2WMly",romantic
"@xandermarx @freaktasks https://t.co/FhED43muleâ€¦
Come look at this ğŸ‘ ride some ğŸ† 
Want me to see me do something you like?ğŸ˜ Message me by clinking above! ğŸ˜˜
#OF #OFans #Creator #Content #ContentCreator #Crypto #Skype #Entrepreneur #MondayMotivation #MondayVibes #CincoDeMayo #UltimateEdition #LoveYou https://t.co/kFW1GfDR0y",romantic
"@WeedxEvents @Zkittles_420 https://t.co/FhED43muleâ€¦
Come look at this ğŸ‘ ride some ğŸ† 
Want me to see me do something you like?ğŸ˜ Message me by clinking above! ğŸ˜˜
#OF #OFans #Creator #Content #ContentCreator #Crypto #Skype #Entrepreneur #MondayMotivation #MondayVibes #CincoDeMayo #UltimateEdition #LoveYou https://t.co/Agq8NsBOrr",romantic
"@FraternidadMas1 @Zkittles_420 https://t.co/FhED43muleâ€¦
Come look at this ğŸ‘ ride some ğŸ† 
Want me to see me do something you like?ğŸ˜ Message me by clinking above! ğŸ˜˜
#OF #OFans #Creator #Content #ContentCreator #Crypto #Skype #Entrepreneur #MondayMotivation #MondayVibes #CincoDeMayo #UltimateEdition #LoveYou https://t.co/EhiWpV5rWt",romantic
"@Tgroom801 @Zkittles_420 https://t.co/FhED43muleâ€¦
Come look at this ğŸ‘ ride some ğŸ† 
Want me to see me do something you like?ğŸ˜ Message me by clinking above! ğŸ˜˜
#OF #OFans #Creator #Content #ContentCreator #Crypto #Skype #Entrepreneur #MondayMotivation #MondayVibes #CincoDeMayo #UltimateEdition #LoveYou https://t.co/gr5h2tbJ7Y",romantic
